0,1,2,3,4,5,6,7,8,9,10,11,12,13,14,15,16,17,18,19,20,21,22,23,24,25,26,27,28,29,30,31,32,33,34,35,36,37,38,39,40,41,label
0.180123746395111,0.2597336769104004,0.3100911974906921,0.3267365396022796,0.3518526256084442,0.2812939584255218,0.2952156662940979,0.2959515750408172,0.2937516868114471,0.234184131026268,0.2486717402935028,0.2548689544200897,0.2594615221023559,0.1880517601966858,0.1988627314567566,0.2100707590579986,0.2208456397056579,0.1382040381431579,0.1433241367340088,0.1516509652137756,0.1611925065517425,0.8946749567985535,0.8475167155265808,0.7641999125480652,0.6834286451339722,0.632320761680603,0.6416270732879639,0.5504840612411499,0.4932161569595337,0.4406954050064087,0.6232246160507202,0.5143698453903198,0.4467363655567169,0.386825293302536,0.6275174617767334,0.5246108770370483,0.4619843363761902,0.4057623744010925,0.6515669226646423,0.5728003978729248,0.5242646336555481,0.4774574339389801,SOS
0.1714614331722259,0.2416628748178482,0.2898379564285278,0.2656024098396301,0.2210948169231414,0.2761319279670715,0.2906083762645721,0.2908198535442352,0.2879969775676727,0.2279767394065857,0.2436436414718628,0.2492458820343017,0.2523654997348785,0.1811297833919525,0.1927680373191833,0.2030692100524902,0.2112410813570022,0.1292501240968704,0.1337662041187286,0.1417139619588852,0.1501277685165405,0.904243230819702,0.8523200154304504,0.7766403555870056,0.701015055179596,0.657995343208313,0.6483606696128845,0.5493490695953369,0.4884142279624939,0.4341075420379638,0.6291491985321045,0.5149452090263367,0.4464145302772522,0.3886140584945678,0.635267436504364,0.5277871489524841,0.4648860692977905,0.4105021059513092,0.6616768836975098,0.5814296007156372,0.5317287445068359,0.4855384230613708,SOS
0.1731594949960708,0.2343986183404922,0.2776501774787903,0.2641741335391998,0.2381694465875625,0.2542430162429809,0.2708239257335663,0.2646063566207886,0.2538223266601562,0.1998190730810165,0.2117899656295776,0.2139523327350616,0.2112074345350265,0.147726908326149,0.1529289484024047,0.1642455607652664,0.1646404862403869,0.0935627669095993,0.0940056070685386,0.1130366623401641,0.1210365667939186,0.8791587352752686,0.8279228210449219,0.7472368478775024,0.6802464723587036,0.6367762088775635,0.6594390273094177,0.5900343060493469,0.6418445110321045,0.6938496828079224,0.6605008244514465,0.5931751728057861,0.6824466586112976,0.7280204892158508,0.6728194952011108,0.624947726726532,0.710788369178772,0.7471379637718201,0.6955502033233643,0.6459842920303345,0.7023499011993408,0.7307271957397461,SOS
0.1757244765758514,0.2494163662195205,0.2942249178886413,0.2820581197738647,0.2507224380970001,0.2616727352142334,0.2695245146751404,0.265312522649765,0.2579789161682129,0.2139162570238113,0.2222156822681427,0.2216211408376693,0.2190197855234146,0.1684393286705017,0.1729965955018997,0.1779278516769409,0.1814668774604797,0.1196558848023414,0.1203368082642555,0.1234164014458656,0.1270085573196411,0.8907343745231628,0.8326128125190735,0.7495044469833374,0.668953001499176,0.6177471876144409,0.6341038942337036,0.5369397401809692,0.4796252846717834,0.4310027956962585,0.6224503517150879,0.5124366283416748,0.4454759061336517,0.3924267888069153,0.6303187012672424,0.5280156135559082,0.4669516086578369,0.4172731041908264,0.656519889831543,0.5781806111335754,0.5298756957054138,0.4862024188041687,SOS
0.2839555144309997,0.2437700927257537,0.241865873336792,0.2558269798755646,0.2351016402244568,0.1928975582122802,0.2437670826911926,0.282178670167923,0.314726173877716,0.2391865998506546,0.3107619881629944,0.3277804255485534,0.3199536204338074,0.2974748611450195,0.3635085821151733,0.3702273666858673,0.3556518852710724,0.3591360747814178,0.4114813804626465,0.407366931438446,0.3892521560192108,0.946029782295227,0.8467929363250732,0.710081934928894,0.5994070172309875,0.5364898443222046,0.7575066089630127,0.6230928301811218,0.546104907989502,0.4910207688808441,0.8053754568099976,0.6386760473251343,0.6587545275688171,0.708298921585083,0.850331723690033,0.6905460953712463,0.7235496640205383,0.7705406546592712,0.8863909840583801,0.7563185691833496,0.7807644009590149,0.8266523480415344,heart
0.6345528960227966,0.6547217965126038,0.6213850975036621,0.5820697546005249,0.5919870138168335,0.6261282563209534,0.567642867565155,0.5262746214866638,0.4937774837017059,0.5803025364875793,0.5077077150344849,0.5199860334396362,0.5409777164459229,0.5382115244865417,0.462035596370697,0.4849338829517364,0.5123851895332336,0.5019934773445129,0.4412492215633392,0.4569072127342224,0.477224200963974,0.8857335448265076,0.7862088680267334,0.6684842109680176,0.5772678256034851,0.5051215887069702,0.7300792336463928,0.6242692470550537,0.5731934309005737,0.5397522449493408,0.7886179685592651,0.6552993655204773,0.655208170413971,0.6912028193473816,0.8404228687286377,0.7179381847381592,0.7157236337661743,0.7443450689315796,0.8832347989082336,0.7950850129127502,0.7805472612380981,0.7928988933563232,heart
0.6874332427978516,0.5973860025405884,0.5306409597396851,0.4991340637207031,0.4602589011192322,0.5475047826766968,0.5178822875022888,0.5056242942810059,0.4981794655323028,0.5943889021873474,0.5600748062133789,0.5398530960083008,0.5224555730819702,0.6449393033981323,0.6205845475196838,0.606212854385376,0.5912169814109802,0.7002946734428406,0.6899503469467163,0.6797788143157959,0.6671320199966431,0.7969726324081421,0.7750280499458313,0.6982579827308655,0.6142714619636536,0.5641451478004456,0.5446290969848633,0.4455752074718475,0.3849983811378479,0.3265846669673919,0.5149676203727722,0.4001090228557586,0.3288614749908447,0.2653237283229828,0.5125692486763,0.4030420482158661,0.3409706950187683,0.2856443226337433,0.5327439308166504,0.4513063132762909,0.3990789651870727,0.3504331707954407,SOS
0.7228240370750427,0.6401779055595398,0.5778456330299377,0.5731480717658997,0.593873143196106,0.5746412873268127,0.5442366600036621,0.5316614508628845,0.5263944864273071,0.619989275932312,0.586229681968689,0.5671582818031311,0.5542376041412354,0.671345055103302,0.6466485261917114,0.6313725113868713,0.6182573437690735,0.7289920449256897,0.7211294174194336,0.7114694714546204,0.6992443203926086,0.7915705442428589,0.7727096676826477,0.7138160467147827,0.6275784969329834,0.553119957447052,0.5296599268913269,0.4317483305931091,0.3710726797580719,0.3136889934539795,0.4985587298870086,0.3844913840293884,0.313667356967926,0.2507825195789337,0.4959638714790344,0.3874588012695312,0.3255394697189331,0.2679764926433563,0.5161582231521606,0.4340812563896179,0.3816086053848266,0.3291178941726684,SOS
0.7166233658790588,0.6472686529159546,0.5806122422218323,0.5545588135719299,0.551440417766571,0.5966020822525024,0.5515387058258057,0.5675208568572998,0.5910515785217285,0.6422304511070251,0.5902445912361145,0.6051448583602905,0.6304649114608765,0.6957950592041016,0.6499540209770203,0.6559858918190002,0.6728971600532532,0.7523338794708252,0.7134061455726624,0.7060695290565491,0.7144487500190735,0.7003467082977295,0.6856155395507812,0.6136555075645447,0.5422335863113403,0.48138228058815,0.4850409924983978,0.4684526622295379,0.5494382977485657,0.6022277474403381,0.4699864983558655,0.4393679499626159,0.5506083369255066,0.5990355014801025,0.4692712426185608,0.4374894201755523,0.5502744913101196,0.5972795486450195,0.4815727472305298,0.4571593999862671,0.5356324315071106,0.572352409362793,SOS
0.7404439449310303,0.6485574841499329,0.5792158842086792,0.5465725660324097,0.5107761025428772,0.5990299582481384,0.5810995697975159,0.5788567662239075,0.5823317766189575,0.6502858996391296,0.6328352093696594,0.6265479922294617,0.6235014200210571,0.7019037008285522,0.689354658126831,0.6817725300788879,0.6744150519371033,0.7564448118209839,0.7485384941101074,0.7383256554603577,0.7251807451248169,0.7701143026351929,0.7479331493377686,0.675835907459259,0.5980945825576782,0.5376807451248169,0.5087665319442749,0.4032080769538879,0.3393450975418091,0.2786221206188202,0.4787917733192444,0.3522815406322479,0.272969901561737,0.2034478485584259,0.4797086715698242,0.3615403473377228,0.2909987568855285,0.2281203269958496,0.5054563879966736,0.4154362082481384,0.3579781949520111,0.3056443333625793,SOS
0.7344760298728943,0.6556113958358765,0.5962516665458679,0.6007654070854187,0.6294935345649719,0.5929034352302551,0.5672276020050049,0.55584317445755,0.5514616370201111,0.6409731507301331,0.61558598279953,0.6022376418113708,0.5942392349243164,0.6929647326469421,0.6777015924453735,0.6682443618774414,0.6589288711547852,0.7482917308807373,0.7422055006027222,0.7361491918563843,0.7267091870307922,0.7684444189071655,0.7482321262359619,0.6944540739059448,0.6135607361793518,0.5407919883728027,0.5034353733062744,0.4008075296878814,0.3367692232131958,0.2750371694564819,0.4686987102031708,0.3467545509338379,0.2706644237041473,0.2026760578155517,0.46713787317276,0.3509437143802643,0.2840818166732788,0.2237745225429535,0.4920329451560974,0.4044897556304931,0.3506532907485962,0.2991415858268738,SOS
0.7227057218551636,0.6518391370773315,0.5842852592468262,0.5570924282073975,0.5551490783691406,0.6057380437850952,0.5601052045822144,0.579311728477478,0.603290855884552,0.6488296389579773,0.5934013724327087,0.6121161580085754,0.6393642425537109,0.7001039385795593,0.6472662687301636,0.657910168170929,0.6798318028450012,0.7545424103736877,0.7133679986000061,0.7063268423080444,0.7162207961082458,0.7335755228996277,0.7197705507278442,0.648524284362793,0.5819764733314514,0.5236459374427795,0.5148465037345886,0.5161527395248413,0.602416455745697,0.6546353101730347,0.4999064803123474,0.486904501914978,0.5972369909286499,0.6438581943511963,0.4996697902679443,0.4755678176879883,0.5860392451286316,0.6306955218315125,0.5125107169151306,0.4981728792190552,0.5724030137062073,0.6039150953292847,SOS
0.1945771127939224,0.2606180012226105,0.2973038554191589,0.3201689422130584,0.3393192887306213,0.2666400372982025,0.3209894001483917,0.3617478609085083,0.3942649662494659,0.2596693634986877,0.3253247737884521,0.3707695603370666,0.408378928899765,0.257615327835083,0.3185309767723083,0.3605892062187195,0.3937618434429168,0.2602508068084717,0.294726699590683,0.3194370865821838,0.3416025638580322,0.6396689414978027,0.6051760315895081,0.5519006848335266,0.5168640613555908,0.4876761734485626,0.4790856540203094,0.4489541053771972,0.4233152866363525,0.4013633131980896,0.4849115908145904,0.4425419270992279,0.4157100617885589,0.3880360126495361,0.5083192586898804,0.4596477150917053,0.4341994524002075,0.4096523225307464,0.5434799790382385,0.5080890655517578,0.4846654236316681,0.4659788608551025,Hello
0.080351322889328,0.1192689538002014,0.1683908104896545,0.2159217298030853,0.2569924294948578,0.1331351995468139,0.190617948770523,0.2336447536945343,0.2707054615020752,0.1226801723241806,0.1824350953102111,0.2323201894760131,0.2730807662010193,0.1178047433495521,0.170879378914833,0.2135990858078003,0.2495073974132537,0.1186140179634094,0.1538295298814773,0.1808228492736816,0.2071961611509323,0.8043591380119324,0.7245453000068665,0.6545267701148987,0.6123905181884766,0.5840591788291931,0.6295053958892822,0.6038299798965454,0.595151960849762,0.5911433696746826,0.6790080666542053,0.6552010774612427,0.6396809816360474,0.6297829151153564,0.7412633895874023,0.7196511030197144,0.7030625939369202,0.6857091188430786,0.8066951632499695,0.78910893201828,0.7713785767555237,0.7545799612998962,Hello
0.1955853998661041,0.2584145367145538,0.2867151498794555,0.3049908876419067,0.3358195126056671,0.2715270519256592,0.3094688951969147,0.34405517578125,0.3738289475440979,0.2571674585342407,0.3051115572452545,0.3452885448932647,0.3818870782852173,0.2412170469760894,0.2853119075298309,0.3240198493003845,0.3584281206130981,0.2242469936609268,0.2529025673866272,0.2793320417404175,0.3052979707717895,0.6911940574645996,0.6514338254928589,0.58594810962677,0.5493412613868713,0.5332391262054443,0.528583288192749,0.4815565347671509,0.4464643001556396,0.4161743819713592,0.5311172008514404,0.4779865443706512,0.4415609836578369,0.4042931199073791,0.5438298583030701,0.4884416759014129,0.4559426605701446,0.4263370633125305,0.5650429725646973,0.5208101868629456,0.4908447265625,0.4651718735694885,Hello
0.1126944422721862,0.1680682301521301,0.1964037120342254,0.2155365347862243,0.241382211446762,0.1442680209875106,0.1805267632007599,0.21251180768013,0.2423344254493713,0.1214483529329299,0.1590119302272796,0.1995965093374252,0.2340690344572067,0.1050214394927024,0.1377097368240356,0.1751981973648071,0.2070167809724807,0.0955232977867126,0.1135221645236015,0.1353097856044769,0.157089352607727,0.8264575004577637,0.768326997756958,0.6947994232177734,0.6444784998893738,0.620159924030304,0.6461679935455322,0.5929733514785767,0.5561441779136658,0.5300119519233704,0.6679463982582092,0.5973290205001831,0.5616677403450012,0.5373607277870178,0.7074004411697388,0.6354017853736877,0.6006741523742676,0.5746577382087708,0.758073627948761,0.7067012190818787,0.6713575124740601,0.6439270973205566,Hello
0.7941579818725586,0.7315147519111633,0.6829938888549805,0.6451382637023926,0.6137561202049255,0.6888324022293091,0.6309608221054077,0.5906373858451843,0.5572128891944885,0.6903889775276184,0.6204888224601746,0.578130304813385,0.5417422652244568,0.6885854005813599,0.6212199926376343,0.5847153663635254,0.5541154146194458,0.6828441023826599,0.6410049200057983,0.6133912801742554,0.5887128114700317,0.5559677481651306,0.528323233127594,0.5034453868865967,0.5112698078155518,0.5191224217414856,0.432475209236145,0.4046933948993683,0.3803050220012665,0.3580487072467804,0.4367819130420685,0.3954825699329376,0.3608525991439819,0.328873872756958,0.458574503660202,0.4154495894908905,0.3811710178852081,0.3465119004249573,0.4923298060894012,0.4540655612945556,0.420460045337677,0.3881752490997314,Hello
0.839728832244873,0.811613142490387,0.7633282542228699,0.714621901512146,0.674557626247406,0.7307937145233154,0.6481995582580566,0.6012256145477295,0.5618129968643188,0.7230868935585022,0.6343002319335938,0.5809758305549622,0.5368693470954895,0.7159876227378845,0.6386487483978271,0.5932496786117554,0.5590842366218567,0.7095406651496887,0.6605926752090454,0.6301841735839844,0.6032917499542236,0.6446320414543152,0.5603804588317871,0.4980615079402923,0.4666557610034942,0.4602583348751068,0.4788061678409576,0.4296806454658508,0.3984761238098144,0.3753689527511596,0.511182963848114,0.447289764881134,0.4093596637248993,0.3781819939613342,0.5604817271232605,0.494654506444931,0.4556260108947754,0.4233134388923645,0.6228817105293274,0.5696426033973694,0.5353476405143738,0.504997193813324,Hello
0.7933668494224548,0.7507166862487793,0.7009241580963135,0.6637983322143555,0.6331667304039001,0.7012498378753662,0.6469643712043762,0.6084055304527283,0.5766727328300476,0.7036945223808289,0.6374027729034424,0.5926458835601807,0.5543841123580933,0.702769935131073,0.6390307545661926,0.6000351309776306,0.5672011375427246,0.6995386481285095,0.655706524848938,0.627762496471405,0.6034803986549377,0.569656252861023,0.5469242334365845,0.528754711151123,0.5426702499389648,0.5589218735694885,0.4630274474620819,0.437480092048645,0.4089358150959015,0.3816428780555725,0.4698042273521423,0.4332277178764343,0.3945182263851166,0.3564374148845672,0.4914951026439667,0.4496634602546692,0.4097210168838501,0.3710821270942688,0.5261240005493164,0.4854476451873779,0.4483963549137115,0.411436915397644,Hello
0.8186325430870056,0.7385181784629822,0.6937898993492126,0.6579882502555847,0.6259458661079407,0.6952354311943054,0.6348633170127869,0.5966407656669617,0.5642886757850647,0.7001215219497681,0.6256828308105469,0.5834903120994568,0.5480990409851074,0.702386200428009,0.6301845908164978,0.5928688645362854,0.561340868473053,0.6982023119926453,0.6513243913650513,0.6225069761276245,0.5963038206100464,0.6110751628875732,0.5895572900772095,0.5539936423301697,0.551150381565094,0.5598528981208801,0.4730782508850097,0.4393991231918335,0.4102678298950195,0.3815039396286011,0.4701724350452423,0.4294708967208862,0.3922679424285888,0.3553346395492553,0.4884819984436035,0.4425607323646545,0.4055304527282715,0.3665970265865326,0.5203102827072144,0.4803603887557983,0.4482053518295288,0.4143271744251251,Hello
0.8622100949287415,0.8372928500175476,0.7796598672866821,0.7260656356811523,0.6836333274841309,0.7487413883209229,0.6676168441772461,0.6164332628250122,0.5740365982055664,0.7418568134307861,0.6517688035964966,0.5933289527893066,0.5448172688484192,0.7365415692329407,0.6560291051864624,0.6065173149108887,0.5679182410240173,0.7323401570320129,0.6807357668876648,0.6476275324821472,0.6189835071563721,0.6910727620124817,0.6081530451774597,0.5468115210533142,0.5145829319953918,0.505208432674408,0.5317707061767578,0.4836169183254242,0.4521812200546264,0.4287270903587341,0.567546010017395,0.5043259859085083,0.465148389339447,0.4302798509597778,0.6202188730239868,0.553618848323822,0.5152618288993835,0.4823177456855774,0.6868926882743835,0.6365574598312378,0.6023855209350586,0.5711100101470947,Hello
0.3749876916408539,0.4436284899711609,0.4846087098121643,0.4950207769870758,0.5188775658607483,0.4530939757823944,0.4577788710594177,0.453269898891449,0.446457028388977,0.413083553314209,0.4175975024700165,0.4168896079063415,0.4146152138710022,0.3760559558868408,0.378841370344162,0.3827240467071533,0.3859956860542297,0.3376664519309997,0.3386821150779724,0.3434838056564331,0.3489633798599243,0.7799338102340698,0.7505475282669067,0.6869312524795532,0.6148286461830139,0.5672492980957031,0.574824333190918,0.4929500818252563,0.4436404109001159,0.3996352553367615,0.5628183484077454,0.4703736305236816,0.4136668443679809,0.3650457859039306,0.5681700110435486,0.4822690188884735,0.4315311908721924,0.3875110149383545,0.5886059999465942,0.5248183012008667,0.4865165650844574,0.451309472322464,SOS
0.3786444365978241,0.4338892698287964,0.4740442335605621,0.4535765349864959,0.4150954782962799,0.46430504322052,0.4752040207386017,0.4734451174736023,0.4688928127288818,0.4256644546985626,0.4361886382102966,0.4384233653545379,0.4382281303405761,0.3893157541751861,0.397169828414917,0.4035970866680145,0.4073379039764404,0.3500322103500366,0.3555668890476227,0.362482875585556,0.3684416115283966,0.7638658285140991,0.7345231771469116,0.6790629029273987,0.6229591965675354,0.5973077416419983,0.5676702857017517,0.4861981570720672,0.4356204569339752,0.3900147974491119,0.5520102977752686,0.4596460461616516,0.4009385108947754,0.3510470986366272,0.5575332641601562,0.471368670463562,0.4171765744686126,0.3699300289154053,0.5792735815048218,0.5144760608673096,0.4733129441738128,0.4360525012016296,SOS
0.3927336633205414,0.4422884583473205,0.4908406138420105,0.4931709468364715,0.4779855906963348,0.4702053070068359,0.4947434663772583,0.487120121717453,0.4764087498188019,0.4269478619098663,0.448569506406784,0.4440542757511139,0.4340797662734985,0.3850385546684265,0.4031371176242828,0.4054306447505951,0.3966502845287323,0.3440664410591125,0.3607799410820007,0.37049400806427,0.3661356568336487,0.7462385296821594,0.7350172996520996,0.6871815919876099,0.6353965401649475,0.5988588333129883,0.5679499506950378,0.5634501576423645,0.6270831227302551,0.6511102318763733,0.5552269816398621,0.5616359710693359,0.6410996317863464,0.6516467332839966,0.5646091103553772,0.5729500651359558,0.6444562673568726,0.6514289975166321,0.5885481834411621,0.5963953733444214,0.6455022692680359,0.6508496999740601,SOS
0.3950754106044769,0.4436103403568268,0.4903841316699981,0.4899497032165527,0.4703415930271148,0.4710370898246765,0.4957095384597778,0.4876827001571655,0.475484699010849,0.4279155731201172,0.4504326283931732,0.4454906284809112,0.4344721734523773,0.3858646154403686,0.4029331505298614,0.4050825238227844,0.3961967527866363,0.3445947766304016,0.3596155643463135,0.3708948194980621,0.3687517642974853,0.7483644485473633,0.7362024188041687,0.6916847825050354,0.6454609036445618,0.6148414015769958,0.5677387714385986,0.5684488415718079,0.6315508484840393,0.6598488688468933,0.5559530258178711,0.5643742680549622,0.6413118839263916,0.65617835521698,0.5673293471336365,0.5782833695411682,0.6463865041732788,0.6562451124191284,0.5934438705444336,0.6012824773788452,0.6471929550170898,0.6538540720939636,SOS
0.7873711585998535,0.7129126787185669,0.6625156998634338,0.6395111680030823,0.605259895324707,0.6602447032928467,0.632416844367981,0.6227400898933411,0.6191030144691467,0.6991366147994995,0.6692274808883667,0.6541379690170288,0.6431639790534973,0.7418361306190491,0.7174803614616394,0.7051271796226501,0.6938177347183228,0.7892303466796875,0.7769646048545837,0.7671833038330078,0.7558134198188782,0.7348689436912537,0.7169449925422668,0.6584975123405457,0.5939192771911621,0.5479533672332764,0.5223467946052551,0.4370627403259277,0.3848106861114502,0.3339053392410278,0.4957215785980224,0.3963266611099243,0.3338690102100372,0.277009904384613,0.4924187362194061,0.3970817923545837,0.3422675728797912,0.2915784418582916,0.5078017115592957,0.4346819519996643,0.388043612241745,0.3432534337043762,SOS
0.8165389895439148,0.7472854256629944,0.6916176080703735,0.6772188544273376,0.6856502890586853,0.6693154573440552,0.6389328837394714,0.6271323561668396,0.6213896870613098,0.7081869840621948,0.6758604049682617,0.659390926361084,0.6478001475334167,0.7532298564910889,0.7264068722724915,0.7118314504623413,0.6989237666130066,0.802316427230835,0.7863801121711731,0.7750435471534729,0.7618511915206909,0.7329502105712891,0.7323140501976013,0.6958310604095459,0.6368512511253357,0.5747188329696655,0.5342382192611694,0.4478127360343933,0.3931797444820404,0.3408654928207397,0.5023400783538818,0.3992027640342712,0.3354686498641968,0.2777679562568664,0.4949057102203369,0.3961631655693054,0.3385492265224457,0.2858295440673828,0.5084028244018555,0.4328652024269104,0.3851461410522461,0.3391013145446777,SOS
0.7502915263175964,0.6908935308456421,0.6207255125045776,0.5821582674980164,0.5583373308181763,0.6123791337013245,0.5742204785346985,0.5586985349655151,0.5574832558631897,0.641117513179779,0.5922324657440186,0.605661153793335,0.6324832439422607,0.6793079972267151,0.634063184261322,0.6481992602348328,0.6738417744636536,0.7250155806541443,0.6840285062789917,0.6773764491081238,0.685909628868103,0.6322020292282104,0.6458680033683777,0.6168176531791687,0.580227792263031,0.5487638711929321,0.5114376544952393,0.4761750996112823,0.5070203542709351,0.5509564280509949,0.4811660647392273,0.4514997005462646,0.5217206478118896,0.5748851299285889,0.4561745226383209,0.4294053614139557,0.5036319494247437,0.5559821128845215,0.4342509508132934,0.3918257355690002,0.4384568035602569,0.4824919998645782,SOS
0.3772647976875305,0.4377880394458771,0.4721167385578155,0.4937211573123932,0.5210202932357788,0.4825500547885895,0.5216415524482727,0.5479902029037476,0.5710154175758362,0.4671782851219177,0.5107477903366089,0.540346622467041,0.5668777227401733,0.4466306567192077,0.4848365485668182,0.5137611627578735,0.5392968058586121,0.421525776386261,0.4463935494422912,0.4687013924121856,0.4908585548400879,0.6438801884651184,0.6284219026565552,0.591993510723114,0.5678281784057617,0.5645661354064941,0.522966206073761,0.4702297449111938,0.4388292729854584,0.4091642498970032,0.5191544890403748,0.4639844596385956,0.4292415976524353,0.3950216770172119,0.5228049159049988,0.4643155932426452,0.4285427331924438,0.3963627815246582,0.5324057340621948,0.483475774526596,0.4530560076236725,0.4252649545669555,Hello
0.2965840697288513,0.325907438993454,0.3716381788253784,0.4188733994960785,0.4554676115512848,0.3412467539310455,0.3935262560844421,0.429581344127655,0.4599714279174804,0.3389413952827453,0.3962846100330353,0.4369269907474518,0.4717285931110382,0.343121737241745,0.3960742056369781,0.4295435845851898,0.4569880068302154,0.3531455099582672,0.3862816095352173,0.4056969285011291,0.4261664152145386,0.7312976121902466,0.6626407504081726,0.6005235314369202,0.5690110325813293,0.5425848364830017,0.5686508417129517,0.5297748446464539,0.506466269493103,0.4861457347869873,0.605441153049469,0.5621398687362671,0.531365156173706,0.503934383392334,0.6553440690040588,0.6146161556243896,0.5862374901771545,0.5566668510437012,0.7120936512947083,0.6840699315071106,0.6586715579032898,0.6330867409706116,Hello
0.2785646319389343,0.3298338651657104,0.3635308146476745,0.3829554617404938,0.4043775498867035,0.3775913417339325,0.41345876455307,0.4381069540977478,0.4594570398330688,0.3612818121910095,0.4043657481670379,0.4341428279876709,0.460318386554718,0.3390115201473236,0.378115713596344,0.4069121181964874,0.4331916868686676,0.3101516962051391,0.3338541984558105,0.3566921651363373,0.3800190985202789,0.580488920211792,0.5743100047111511,0.5386311411857605,0.5148183703422546,0.5098318457603455,0.4626827239990234,0.4151895046234131,0.3892979025840759,0.3656885623931885,0.4541539251804352,0.4016268253326416,0.3702515959739685,0.3398262858390808,0.4537838101387024,0.3987850546836853,0.3676626682281494,0.3396505713462829,0.4590003192424774,0.4119607210159302,0.3849740624427795,0.3618839979171753,Hello
0.2128257006406784,0.2528969049453735,0.2918677031993866,0.3261893689632416,0.3513730764389038,0.2559618055820465,0.301313191652298,0.3340887725353241,0.3611510396003723,0.2521406412124634,0.3008135855197906,0.3365186154842376,0.3670324683189392,0.2550884783267975,0.297593742609024,0.328180581331253,0.3534002900123596,0.2632792592048645,0.2872712314128876,0.3026506304740906,0.3188358247280121,0.6858463287353516,0.6284838914871216,0.5693393349647522,0.5395549535751343,0.5154294967651367,0.5284114480018616,0.4855961799621582,0.4599380195140838,0.4393649101257324,0.5518630146980286,0.500739336013794,0.4719102084636688,0.4465716481208801,0.5892477631568909,0.5384423136711121,0.5112838745117188,0.4857020676136017,0.6352077126502991,0.6049267053604126,0.5809015035629272,0.5576472282409668,Hello
0.8895942568778992,0.8200616240501404,0.7792919874191284,0.7505268454551697,0.722764790058136,0.7616215348243713,0.7076764106750488,0.6677008271217346,0.6334080100059509,0.7684703469276428,0.7039561867713928,0.6622544527053833,0.6247764825820923,0.7752286195755005,0.7114992141723633,0.6721926331520081,0.6383030414581299,0.7769924402236938,0.731421172618866,0.7008300423622131,0.6728955507278442,0.5108510851860046,0.5224542617797852,0.4915073812007904,0.4848129451274872,0.491969883441925,0.4155594706535339,0.3926422297954559,0.3723829388618469,0.3530960977077484,0.4054266810417175,0.3820072114467621,0.3562919795513153,0.3292333781719208,0.4111443161964416,0.3855588734149933,0.3607073426246643,0.3350499868392944,0.4313662946224212,0.4084207713603973,0.3875831961631775,0.3661084473133087,Hello
0.9282348155975342,0.8885407447814941,0.8310121893882751,0.7777186632156372,0.7445173263549805,0.8059879541397095,0.7260388135910034,0.679463267326355,0.6411139369010925,0.7953529357910156,0.7045590877532959,0.6483044624328613,0.6045588850975037,0.792276918888092,0.7062156796455383,0.6539425253868103,0.6144013404846191,0.7961848974227905,0.7316004633903503,0.6938745379447937,0.6614558696746826,0.6116589903831482,0.5231518149375916,0.4798104465007782,0.4920320212841034,0.5214059352874756,0.4826582968235016,0.4658717811107635,0.459932804107666,0.456421434879303,0.5378784537315369,0.5136924982070923,0.4986176192760467,0.485835462808609,0.5984709858894348,0.5717466473579407,0.5556854009628296,0.5412357449531555,0.6587308049201965,0.6327242851257324,0.6163733005523682,0.6018794775009155,Hello
0.4807816445827484,0.5530374646186829,0.5988596081733704,0.6144289374351501,0.6379795670509338,0.5746656060218811,0.5858399868011475,0.5854392647743225,0.5816276669502258,0.5351536870002747,0.547524094581604,0.5511454939842224,0.5517861247062683,0.4971217811107635,0.5063242316246033,0.5135248899459839,0.5190473794937134,0.4558309316635132,0.4604248106479645,0.467966616153717,0.4760101437568664,0.7464718222618103,0.7187091112136841,0.6500862240791321,0.5806083083152771,0.5366598963737488,0.5390351414680481,0.4567334949970245,0.405972808599472,0.3597492575645447,0.5239148736000061,0.4297730326652527,0.3698343634605407,0.3174824118614197,0.527107834815979,0.4377383887767792,0.3847294747829437,0.3377439081668854,0.5459207892417908,0.4779917299747467,0.4368508160114288,0.3981605172157287,SOS
0.4851907789707184,0.5456963181495667,0.5908902287483215,0.5734570622444153,0.534059464931488,0.5795185565948486,0.5921174883842468,0.5922294855117798,0.5897229313850403,0.5401396751403809,0.5542190074920654,0.5586815476417542,0.560265302658081,0.5021178126335144,0.5124450325965881,0.52023845911026,0.5251315236091614,0.4598735868930816,0.4654427766799927,0.4727083742618561,0.4790633916854858,0.7455869317054749,0.7205715179443359,0.6636740565299988,0.6031605005264282,0.5752624869346619,0.5410809516906738,0.4578261971473694,0.405274748802185,0.3572829961776733,0.5235498547554016,0.4304975867271423,0.3701387047767639,0.3191099166870117,0.5279719829559326,0.4406023323535919,0.3848349750041961,0.3365396857261657,0.5494954586029053,0.4833903312683105,0.4416412711143493,0.4040539264678955,SOS
0.4800019860267639,0.5364344120025635,0.5891406536102295,0.5845050811767578,0.5622159838676453,0.5665981769561768,0.5869868993759155,0.57562255859375,0.5632836818695068,0.5179672837257385,0.5350388884544373,0.5301563143730164,0.5222098231315613,0.4717618823051452,0.4811554551124573,0.4857350885868072,0.4815715849399566,0.42664635181427,0.4354889690876007,0.4498701393604278,0.4534107446670532,0.725857675075531,0.7104289531707764,0.6581724286079407,0.5995408296585083,0.5636852383613586,0.5379773378372192,0.5300472974777222,0.5985495448112488,0.6236433982849121,0.5241257548332214,0.5281655192375183,0.6148604154586792,0.63006192445755,0.5334117412567139,0.5399243831634521,0.6196030974388123,0.6321709156036377,0.5577072501182556,0.5668962597846985,0.6213587522506714,0.628928005695343,SOS
0.4789629280567169,0.5325745940208435,0.5846635699272156,0.5873862504959106,0.5719705820083618,0.5668515563011169,0.5864109992980957,0.5757437944412231,0.5639026165008545,0.5195679068565369,0.5355690121650696,0.5311843752861023,0.5235902070999146,0.473775714635849,0.4816343486309051,0.4874419867992401,0.4846770763397217,0.4296911358833313,0.4372977614402771,0.4514949321746826,0.4557290077209472,0.7205137014389038,0.7082134485244751,0.6585955023765564,0.6003554463386536,0.559049129486084,0.5296609401702881,0.5267777442932129,0.5963878035545349,0.6160935759544373,0.5141196250915527,0.5265834331512451,0.61189204454422,0.6205824613571167,0.5235278010368347,0.5397147536277771,0.6180854439735413,0.626442015171051,0.5484567880630493,0.5681515336036682,0.6211909651756287,0.6263188719749451,SOS
0.4805025458335876,0.5375374555587769,0.5908899307250977,0.5921387672424316,0.5792976021766663,0.5721181631088257,0.5939303040504456,0.5852571725845337,0.5735937356948853,0.5253438353538513,0.5425416827201843,0.5377739071846008,0.5294049382209778,0.4794043600559234,0.4896335899829864,0.4935553669929504,0.4888978004455566,0.4349266290664673,0.4451146125793457,0.4574853479862213,0.4598343074321747,0.721860408782959,0.7126545906066895,0.662839949131012,0.607138991355896,0.5686460137367249,0.5345635414123535,0.5353221297264099,0.6020742058753967,0.632018506526947,0.5168361663818359,0.5336025953292847,0.6175321340560913,0.6349321007728577,0.5251200795173645,0.5456883907318115,0.6231572031974792,0.6370686888694763,0.5492618083953857,0.5748142600059509,0.6258226037025452,0.6314776539802551,SOS
0.7940114736557007,0.7060149908065796,0.6407220959663391,0.6071180105209351,0.5754854679107666,0.6494750380516052,0.627508282661438,0.6200582981109619,0.6172884106636047,0.6924526691436768,0.6698920130729675,0.6587451100349426,0.6506389379501343,0.7388371229171753,0.7204153537750244,0.709918737411499,0.6997023820877075,0.7896745800971985,0.7797799706459045,0.76692795753479,0.7513958811759949,0.7988631725311279,0.7749983668327332,0.7121206521987915,0.6458218097686768,0.5903756022453308,0.5727038383483887,0.4758037626743316,0.4142227470874786,0.3558063805103302,0.542441725730896,0.4252644181251526,0.3500372171401977,0.283935546875,0.5397080779075623,0.4269486665725708,0.3595119118690491,0.3008809387683868,0.560312807559967,0.4744781851768493,0.4181660413742065,0.3690507113933563,SOS
0.8311942219734192,0.7551717162132263,0.6970135569572449,0.6872654557228088,0.6981127262115479,0.6804407238960266,0.648302435874939,0.6351073384284973,0.6286613941192627,0.722788393497467,0.6875442266464233,0.6693857908248901,0.656586229801178,0.7713887691497803,0.7448388934135437,0.7304014563560486,0.7169771194458008,0.8246868848800659,0.8091714978218079,0.7968048453330994,0.7816816568374634,0.7657345533370972,0.756266176700592,0.7135376930236816,0.6423964500427246,0.5690200924873352,0.5371884703636169,0.4435935020446777,0.3857508301734924,0.328694999217987,0.5041043758392334,0.3949247598648071,0.3259912729263305,0.2625273764133453,0.4982267618179321,0.3948961794376373,0.3331910073757171,0.2756264209747314,0.5135877728462219,0.433893471956253,0.3831609189510345,0.3331350684165954,SOS
0.8111647367477417,0.7442665100097656,0.6781064867973328,0.6523345708847046,0.6551991701126099,0.6867104768753052,0.6372807025909424,0.6504988074302673,0.6690416932106018,0.7311031818389893,0.6798238754272461,0.6985475420951843,0.722415030002594,0.7816779017448425,0.7320387363433838,0.7444535493850708,0.7649673819541931,0.8323473334312439,0.7911524176597595,0.7897265553474426,0.8029499650001526,0.7177520990371704,0.713668167591095,0.6563344597816467,0.5970060229301453,0.5432404279708862,0.5006588697433472,0.5239048600196838,0.5995011925697327,0.6405664086341858,0.4783980846405029,0.5052393674850464,0.6060612797737122,0.638698935508728,0.480406105518341,0.5050897598266602,0.606374204158783,0.6361674666404724,0.4993587434291839,0.5272235870361328,0.5963953137397766,0.6144129633903503,SOS
0.8201760053634644,0.7483665943145752,0.6818047165870667,0.6553183197975159,0.6563273072242737,0.6927038431167603,0.6417556405067444,0.6567701101303101,0.6773258447647095,0.7377161383628845,0.683221161365509,0.7006282806396484,0.7253493666648865,0.7889159321784973,0.7362325191497803,0.747295081615448,0.7683904767036438,0.8404792547225952,0.7970259189605713,0.7939249277114868,0.8075466156005859,0.7129583954811096,0.7053389549255371,0.6492034196853638,0.5938007831573486,0.5440048575401306,0.5003324747085571,0.5145441889762878,0.589341938495636,0.630805253982544,0.4802933931350708,0.492908239364624,0.5933135747909546,0.6266390681266785,0.482367068529129,0.4918084144592285,0.5927194952964783,0.6225351095199585,0.5007027387619019,0.5171257257461548,0.5866959691047668,0.6060566902160645,SOS
0.834401547908783,0.7598737478256226,0.6905103921890259,0.6609591245651245,0.6446700096130371,0.7029199600219727,0.651240348815918,0.6646504402160645,0.6844866871833801,0.7484557628631592,0.6938599348068237,0.7100871205329895,0.7340345978736877,0.7996590733528137,0.7475497126579285,0.7578956484794617,0.7788888216018677,0.8518116474151611,0.8068379759788513,0.8032739758491516,0.8174684047698975,0.7197039127349854,0.7131263017654419,0.6472135782241821,0.5865781903266907,0.5389562249183655,0.5097069144248962,0.5202689170837402,0.5936098098754883,0.6354968547821045,0.4900807440280914,0.5000605583190918,0.5995920300483704,0.6320456862449646,0.4914979636669159,0.499552309513092,0.5976896286010742,0.6239585876464844,0.5076072812080383,0.5199617147445679,0.5888326168060303,0.6074401140213013,SOS
0.7472338676452637,0.7073221206665039,0.6621084213256836,0.6228373050689697,0.5928112268447876,0.6017656922340393,0.5510281324386597,0.521538496017456,0.496419221162796,0.5995403528213501,0.5425840616226196,0.5089265704154968,0.4813205301761627,0.6078546047210693,0.5544499158859253,0.5228334665298462,0.4971958994865417,0.6252338290214539,0.5848996639251709,0.558744490146637,0.5358113050460815,0.3202759623527527,0.3700525462627411,0.386374831199646,0.3607776761054992,0.334386795759201,0.351906418800354,0.3584925234317779,0.3563277125358581,0.3492875695228576,0.3110808730125427,0.3110237419605255,0.3113223910331726,0.3100769817829132,0.2726131677627563,0.2659729719161987,0.268392264842987,0.2720088362693786,0.2338041365146637,0.2226398885250091,0.2240281254053115,0.2296921014785766,Feel bad
0.7361510992050171,0.6973494291305542,0.6542075872421265,0.6162552237510681,0.5919567942619324,0.5914698243141174,0.5393989682197571,0.5107364058494568,0.4866526424884796,0.5872278809547424,0.5314460396766663,0.4992670714855194,0.4730561077594757,0.5938305258750916,0.5422579050064087,0.5125479698181152,0.4874364733695984,0.6090551018714905,0.5696801543235779,0.5454696416854858,0.5242043733596802,0.2998059391975403,0.3483966290950775,0.364864319562912,0.3311381638050079,0.2926752269268036,0.354795753955841,0.3600011765956878,0.3581408858299255,0.3541525900363922,0.311891108751297,0.3131656348705292,0.3150194883346557,0.3167730867862701,0.2700982093811035,0.2683358490467071,0.2730918228626251,0.2789885103702545,0.2278706133365631,0.2238185703754425,0.2280553132295608,0.2346700578927993,Feel bad
0.3757914304733276,0.4170655310153961,0.4625390470027923,0.4930629730224609,0.5094335675239563,0.515776515007019,0.567704439163208,0.5986357927322388,0.625200629234314,0.5100013613700867,0.566643238067627,0.6022210717201233,0.6312258839607239,0.494825929403305,0.547200620174408,0.5809860229492188,0.6084485650062561,0.4710785746574402,0.5065601468086243,0.530613362789154,0.552910566329956,0.3747678995132446,0.4034702181816101,0.4091719388961792,0.3638969361782074,0.3168001472949981,0.3771164119243622,0.3607388138771057,0.3459919095039367,0.3326445519924164,0.3329343199729919,0.3142553269863128,0.302509605884552,0.2961724698543548,0.2992880642414093,0.2809466421604156,0.2742494940757751,0.2721871137619018,0.2696959972381592,0.2502456903457641,0.2420448362827301,0.2370358109474182,Feel bad
0.369790256023407,0.4087391495704651,0.4554414451122284,0.4865644872188568,0.5002166628837585,0.5075340270996094,0.5594429969787598,0.589590311050415,0.6155126690864563,0.5030714273452759,0.5603513121604919,0.595413088798523,0.6249483227729797,0.4896775484085083,0.5417279005050659,0.5748679041862488,0.602082371711731,0.4679453074932098,0.5054872035980225,0.5304208993911743,0.553309977054596,0.3563911914825439,0.38902547955513,0.399114042520523,0.3582087159156799,0.3119197487831116,0.3558827340602875,0.3420832455158233,0.3308083713054657,0.3205038905143738,0.3149887025356293,0.2989465594291687,0.2891932129859924,0.2832480370998382,0.2831882834434509,0.2661711573600769,0.2603684961795807,0.2585615813732147,0.2544615864753723,0.2358821928501129,0.2294109761714935,0.2258590459823608,Feel bad
0.6523443460464478,0.6419926881790161,0.6362618207931519,0.632470965385437,0.6251137256622314,0.638364315032959,0.6289148330688477,0.6236296892166138,0.6213971972465515,0.6394625306129456,0.6275026202201843,0.6212937235832214,0.617946207523346,0.6351346373558044,0.623015284538269,0.615623414516449,0.6116378903388977,0.6263235807418823,0.6202242374420166,0.6143278479576111,0.6086275577545166,0.8749433159828186,0.8047775626182556,0.7398015856742859,0.6922070980072021,0.6528285145759583,0.7031816840171814,0.6348097920417786,0.5854266881942749,0.5428034067153931,0.706682562828064,0.626462996006012,0.5718932747840881,0.5229895114898682,0.7196430563926697,0.6392005681991577,0.587783932685852,0.5443720817565918,0.7408079504966736,0.6893364787101746,0.6511610746383667,0.6168234944343567,Thank you
0.3625423610210418,0.4228495359420776,0.471433937549591,0.5059869885444641,0.5369966626167297,0.4405687749385834,0.4474586546421051,0.4478321373462677,0.4475442767143249,0.4059329628944397,0.4146518409252167,0.419715940952301,0.4246279895305633,0.3708826005458832,0.3790777325630188,0.3863284587860107,0.393611878156662,0.3340164422988891,0.3376064002513885,0.3424562215805053,0.3490921854972839,0.7180697321891785,0.69898521900177,0.6564965844154358,0.6213310956954956,0.6031265258789062,0.5468822121620178,0.4765260219573974,0.4332749247550964,0.3944849371910095,0.5327860116958618,0.4496715664863586,0.4007023274898529,0.3583375513553619,0.534936785697937,0.4564585983753204,0.4107795059680938,0.3698545694351196,0.5512057542800903,0.4914926290512085,0.4562370181083679,0.4225831627845764,Thank you
0.8403268456459045,0.7790521383285522,0.7214799523353577,0.6818082332611084,0.6479112505912781,0.7447483539581299,0.728412389755249,0.721824049949646,0.7169662714004517,0.7799717783927917,0.7613908052444458,0.7514088153839111,0.7415910959243774,0.8169040083885193,0.8015621304512024,0.7915980219841003,0.7797030210494995,0.8547955751419067,0.847665011882782,0.8402156233787537,0.8304094076156616,0.6673340201377869,0.6632540225982666,0.6292437314987183,0.6036766767501831,0.5924414992332458,0.5110856890678406,0.4393580555915832,0.3964496850967407,0.3570060431957245,0.4912671148777008,0.4090825319290161,0.358059674501419,0.3128663599491119,0.4888171553611755,0.4107403755187988,0.3643501400947571,0.3228173851966858,0.5007213354110718,0.4396533966064453,0.3999779820442199,0.3636661469936371,Thank you
0.4267432689666748,0.4853176176548004,0.5311142206192017,0.5595398545265198,0.5882279276847839,0.5052244067192078,0.5145514607429504,0.5163530111312866,0.5162352323532104,0.4698215126991272,0.4794128835201263,0.4848488867282867,0.4884166121482849,0.4340611100196838,0.4410460293292999,0.4481894075870514,0.4548815786838531,0.3969601392745971,0.3976278901100158,0.4002838730812073,0.404368132352829,0.7849308252334595,0.7648752927780151,0.7185395359992981,0.6763784885406494,0.6489163637161255,0.619225263595581,0.54411780834198,0.4971590638160705,0.4547892808914184,0.6062482595443726,0.519592821598053,0.4663422107696533,0.420706033706665,0.6104269027709961,0.5276552438735962,0.4777774214744568,0.4334326982498169,0.6276674866676331,0.5641124248504639,0.5248210430145264,0.4876162111759186,Thank you
0.8620192408561707,0.8001084327697754,0.7412319779396057,0.6983086466789246,0.6612749099731445,0.7709097862243652,0.7538270354270935,0.748377799987793,0.7450475096702576,0.8077971339225769,0.7893177270889282,0.7810283899307251,0.7739179134368896,0.8463975787162781,0.8314327597618103,0.8228795528411865,0.8135632872581482,0.8857408761978149,0.8781521320343018,0.8707587718963623,0.8619389533996582,0.7378580570220947,0.7296451330184937,0.6926336288452148,0.6688104867935181,0.6646418571472168,0.5712361931800842,0.4946672618389129,0.4487709105014801,0.4074793756008148,0.5512977838516235,0.4658751487731933,0.4147307276725769,0.3707782030105591,0.5486339926719666,0.4676277637481689,0.4197717010974884,0.3787345290184021,0.5611695647239685,0.4992507696151733,0.4598658084869385,0.4262029230594635,Thank you
0.4323553144931793,0.4911048710346222,0.5369358062744141,0.565852165222168,0.5949929356575012,0.5110316872596741,0.5210579633712769,0.5230891704559326,0.5232208967208862,0.4757452011108398,0.485900729894638,0.4917084276676178,0.4956329464912414,0.44025719165802,0.4476328790187835,0.4549417197704315,0.4619644284248352,0.4035285115242004,0.4035205543041229,0.4060921967029571,0.4103858172893524,0.7824383974075317,0.7644981145858765,0.7197846174240112,0.6786264777183533,0.6514737010002136,0.6175733804702759,0.5428966283798218,0.4963583648204803,0.4543645083904266,0.6048084497451782,0.5183116793632507,0.465082049369812,0.4192540645599365,0.6094576716423035,0.5266535878181458,0.4764493405818939,0.4315084517002105,0.6271976232528687,0.5641068816184998,0.5243901014328003,0.4861914813518524,Thank you
0.8637462854385376,0.8023403286933899,0.7448411583900452,0.7023568153381348,0.6656102538108826,0.7740582823753357,0.7566866278648376,0.7514238953590393,0.7487388849258423,0.8105347752571106,0.791804850101471,0.7832841873168945,0.7761130332946777,0.8489310145378113,0.834433376789093,0.8264017701148987,0.8173009157180786,0.8880730271339417,0.8810029625892639,0.8739173412322998,0.8651062250137329,0.738113522529602,0.7295680046081543,0.6944445371627808,0.6722730994224548,0.666015625,0.5756785273551941,0.5005918145179749,0.4555027186870575,0.4141600131988525,0.5554981231689453,0.4689250886440277,0.4159103333950043,0.3704302906990051,0.5532205104827881,0.4717806577682495,0.4237443804740906,0.3828281164169311,0.5661877989768982,0.5029921531677246,0.4634498953819275,0.4299114942550659,Thank you
0.4326147139072418,0.491795003414154,0.5375813841819763,0.5664810538291931,0.5954496264457703,0.5119121670722961,0.5216981172561646,0.5236333012580872,0.5236470699310303,0.4763304591178894,0.4863113462924957,0.4920898973941803,0.4960085749626159,0.4406210780143738,0.4480848312377929,0.4554006457328796,0.462456464767456,0.4038844406604767,0.403856098651886,0.4061422348022461,0.4100879728794098,0.7833259105682373,0.7654008865356445,0.7199655771255493,0.6786088943481445,0.6517781615257263,0.6181493401527405,0.5428139567375183,0.4959079623222351,0.4540235698223114,0.6054587364196777,0.518868088722229,0.4655948877334595,0.4201551675796509,0.6101067066192627,0.5269902944564819,0.476652443408966,0.4317615926265716,0.6280010938644409,0.5652053356170654,0.5256878137588501,0.4877615571022033,Thank you
0.8636137843132019,0.8023878931999207,0.7448543310165405,0.7022414207458496,0.6650112271308899,0.7747106552124023,0.7571370005607605,0.7515301704406738,0.7484843134880066,0.8110883235931396,0.7921951413154602,0.7833941578865051,0.7759381532669067,0.8493487238883972,0.8349510431289673,0.8265390396118164,0.8169803619384766,0.888308584690094,0.8817645907402039,0.8749961256980896,0.8664202094078064,0.7386062145233154,0.7306157350540161,0.6947252750396729,0.6716776490211487,0.6666150093078613,0.5752887725830078,0.500672459602356,0.4560935497283935,0.4152294993400574,0.5554245114326477,0.4697962403297424,0.4177896678447723,0.3731227815151214,0.5530087351799011,0.4718648493289947,0.423818290233612,0.382767915725708,0.5657255053520203,0.5033906698226929,0.4639748632907867,0.4304231405258178,Thank you
0.4325692057609558,0.4917970895767212,0.5375208854675293,0.5665667653083801,0.5955264568328857,0.5121676325798035,0.5220147967338562,0.523977518081665,0.5241012573242188,0.476571649312973,0.486671894788742,0.4924326837062835,0.4964521825313568,0.4408149123191833,0.4484058022499084,0.4556590616703033,0.4627817273139953,0.4039454162120819,0.4038653075695038,0.4061487913131714,0.4101989865303039,0.7837203145027161,0.7654204964637756,0.7196940183639526,0.6782757639884949,0.6519806981086731,0.618169367313385,0.5428919196128845,0.4962368011474609,0.4544068574905395,0.6055254340171814,0.518926203250885,0.4657282531261444,0.4201109409332275,0.6101392507553101,0.527417778968811,0.4771185517311096,0.4320515394210815,0.6280331611633301,0.5655414462089539,0.5261480808258057,0.4882465600967407,Thank you
0.8636844158172607,0.8025104403495789,0.7448692321777344,0.7021203637123108,0.6645424962043762,0.7747812271118164,0.7571359276771545,0.7514330148696899,0.7482911944389343,0.8110685348510742,0.791965126991272,0.7831652164459229,0.7757468819618225,0.8494020700454712,0.834897518157959,0.8263859152793884,0.8167959451675415,0.8883960247039795,0.8817538619041443,0.8750722408294678,0.8667161464691162,0.7386870384216309,0.7308444976806641,0.6947836875915527,0.6715424656867981,0.6667453050613403,0.5749309062957764,0.50021892786026,0.4554545879364013,0.4146113097667694,0.5551801919937134,0.4694724380970001,0.4174558520317077,0.3727899193763733,0.5528912544250488,0.4720145463943481,0.4237193465232849,0.3824658393859863,0.5656678676605225,0.5034995675086975,0.4639618396759033,0.4302360415458679,Thank you
0.4329835176467895,0.492012083530426,0.5377964973449707,0.5672679543495178,0.5961729288101196,0.512424111366272,0.5216774940490723,0.5233771800994873,0.5231725573539734,0.4766320586204529,0.4863913655281067,0.4920883178710937,0.496084451675415,0.4408438503742218,0.448081225156784,0.4551338255405426,0.4620141983032226,0.4039701223373413,0.4034590125083923,0.4056442677974701,0.4096294939517975,0.7838672995567322,0.7660760283470154,0.7200863361358643,0.6783310174942017,0.6525974869728088,0.6187145113945007,0.5433518886566162,0.4964961409568786,0.4547436833381653,0.6058733463287354,0.5186270475387573,0.4653492569923401,0.4200290441513061,0.61045902967453,0.5274766087532043,0.4770461320877075,0.4322161078453064,0.6283524632453918,0.5658749341964722,0.5269945859909058,0.4897838532924652,Thank you
0.8647682070732117,0.8030282855033875,0.7447789907455444,0.7015613913536072,0.6634774208068848,0.7747740149497986,0.756901741027832,0.7512880563735962,0.7484150528907776,0.8108193874359131,0.7919970154762268,0.783378005027771,0.7762899398803711,0.8491160273551941,0.8349273800849915,0.8266050815582275,0.8174521327018738,0.8880863189697266,0.8816348314285278,0.8753333687782288,0.8674243092536926,0.7407291531562805,0.7329285740852356,0.6964603662490845,0.6734525561332703,0.6683168411254883,0.5765645503997803,0.5026162266731262,0.4580637812614441,0.4171652793884277,0.5564903616905212,0.4716973900794983,0.4202802777290344,0.3759495317935943,0.5535492897033691,0.4730493724346161,0.4256058633327484,0.3850517272949219,0.5661128163337708,0.50481778383255,0.4655812084674835,0.4320570230484009,Thank you
0.4329628348350525,0.492007851600647,0.5376981496810913,0.5672595500946045,0.5962188243865967,0.5124307870864868,0.521717369556427,0.5234524607658386,0.5232629179954529,0.4766345024108886,0.4863425493240356,0.4920380115509033,0.4960563480854034,0.440819650888443,0.4480639398097992,0.4551316499710083,0.4620521068572998,0.4039349555969238,0.4034562110900879,0.4056964218616485,0.4097338020801544,0.7841469645500183,0.7663623094558716,0.7202478051185608,0.6783116459846497,0.6521931886672974,0.6188361048698425,0.5433992743492126,0.49652099609375,0.4548132419586181,0.6059213280677795,0.5186617970466614,0.4653896689414978,0.420059859752655,0.6104503273963928,0.5274472236633301,0.4770336747169494,0.4321723878383636,0.6283441781997681,0.5658282041549683,0.5269617438316345,0.4897626042366028,Thank you
0.8645830154418945,0.8030697107315063,0.744937002658844,0.7020530700683594,0.6645427942276001,0.774899423122406,0.7575259208679199,0.752162754535675,0.7491594552993774,0.8110561370849609,0.792416512966156,0.7838653922080994,0.7765410542488098,0.8491356372833252,0.8351224660873413,0.8268811702728271,0.817476749420166,0.8877067565917969,0.881474494934082,0.874876856803894,0.8667323589324951,0.7409482002258301,0.732650637626648,0.6964123845100403,0.6734862327575684,0.6688670516014099,0.576718270778656,0.5014298558235168,0.4564943015575409,0.4156050086021423,0.5566861033439636,0.4706875681877136,0.4183433055877685,0.3736330866813659,0.5538519024848938,0.4732216000556946,0.4254336953163147,0.3848142325878143,0.5663048028945923,0.5046069025993347,0.4653305411338806,0.4321306943893432,Thank you
0.4321338534355163,0.4912125468254089,0.5368354916572571,0.5664834380149841,0.595706045627594,0.5115290880203247,0.5209951996803284,0.522786021232605,0.5226855874061584,0.4757486283779144,0.4854985773563385,0.4913542568683624,0.4955466985702514,0.4398337602615356,0.4471741318702698,0.4543444216251373,0.4613601863384247,0.4029200971126556,0.4028229713439941,0.4050708413124084,0.408941775560379,0.784824013710022,0.7661425471305847,0.7202906608581543,0.6788327693939209,0.6516664028167725,0.6197795271873474,0.5441468954086304,0.4971271455287933,0.4550985991954803,0.6069979667663574,0.5195486545562744,0.4662128686904907,0.4205623269081116,0.6116752624511719,0.5287527441978455,0.4780620634555816,0.4324434995651245,0.6296248435974121,0.5667011737823486,0.5276592373847961,0.4899500906467438,Thank you
0.8637447953224182,0.8022421002388,0.7444303631782532,0.7014837265014648,0.6637239456176758,0.7745329737663269,0.7566758990287781,0.7512416839599609,0.7484450936317444,0.8108773827552795,0.7918823957443237,0.7833081483840942,0.7761350274085999,0.8492833971977234,0.8348369598388672,0.8262840509414673,0.8170052766799927,0.8882788419723511,0.8813751935958862,0.8748348355293274,0.8669058680534363,0.7420822381973267,0.7331043481826782,0.6971174478530884,0.6744766235351562,0.6692144870758057,0.5774819850921631,0.5032579898834229,0.4587876200675964,0.4180289506912231,0.5572874546051025,0.4724175631999969,0.4212035834789276,0.3770241439342499,0.5541664361953735,0.4737316370010376,0.4262200593948364,0.3855358064174652,0.5665283203125,0.5051652193069458,0.4656693935394287,0.4318268895149231,Thank you
0.4315623641014099,0.4906887114048004,0.536135733127594,0.5657119154930115,0.5948688387870789,0.5105158090591431,0.5200940370559692,0.5218505859375,0.5216930508613586,0.4747164845466614,0.4844961762428283,0.4903534054756164,0.4945481121540069,0.4388080835342407,0.4459434449672699,0.4530564844608307,0.4601222574710846,0.4018529057502746,0.4016462564468384,0.403980016708374,0.4080569446086883,0.7853876352310181,0.7662599086761475,0.7201486229896545,0.6785573363304138,0.6519380807876587,0.6202688813209534,0.5449047088623047,0.4978869557380676,0.4557862877845764,0.6073517799377441,0.5200220942497253,0.4666366279125213,0.4207686185836792,0.6119020581245422,0.5294306874275208,0.4789018929004669,0.4334283769130707,0.629842221736908,0.5673773288726807,0.5285148620605469,0.4911415576934814,Thank you
0.8637169599533081,0.8021030426025391,0.7442980408668518,0.701517641544342,0.663944661617279,0.77387934923172,0.7564312219619751,0.7510578036308289,0.7483965158462524,0.8103764653205872,0.7916417717933655,0.7833306789398193,0.7764703631401062,0.8487917184829712,0.8343742489814758,0.8258581161499023,0.8165397047996521,0.8877850770950317,0.8810995817184448,0.8745466470718384,0.8666364550590515,0.7416975498199463,0.7334283590316772,0.6976161003112793,0.6746344566345215,0.6689988970756531,0.5777465105056763,0.5030105113983154,0.4582014679908752,0.4174250364303589,0.55763179063797,0.4724520742893219,0.4208934009075165,0.3764322996139526,0.5548864603042603,0.4746042490005493,0.4267678558826446,0.3857151865959167,0.5675702691078186,0.5060747265815735,0.466382622718811,0.432202935218811,Thank you
0.431971937417984,0.4909358024597168,0.5364491939544678,0.5656902194023132,0.5948786735534668,0.5103984475135803,0.5199845433235168,0.5219143033027649,0.5219722390174866,0.4747461378574371,0.4844443500041961,0.4901590347290039,0.4941149353981018,0.4390608668327331,0.4461873769760132,0.4531798660755157,0.4600287973880768,0.4022461175918579,0.4018998444080353,0.4041243195533752,0.4081597924232483,0.7855113744735718,0.7660838961601257,0.7199612855911255,0.6784647107124329,0.6523106098175049,0.6191691160202026,0.5441206693649292,0.4974131882190704,0.4554661512374878,0.6066945195198059,0.5199527740478516,0.4666447639465332,0.4209218323230743,0.6115783452987671,0.5291130542755127,0.4785978496074676,0.4333131611347198,0.629801332950592,0.5673583149909973,0.5280630588531494,0.4903614521026611,Thank you
0.863487958908081,0.8020663857460022,0.7443882822990417,0.7016279697418213,0.6641576886177063,0.7740334272384644,0.7564780712127686,0.7511993646621704,0.7485674619674683,0.8103955984115601,0.7914919853210449,0.7829842567443848,0.7758916616439819,0.8486785888671875,0.8344544172286987,0.8260241746902466,0.8166521191596985,0.8876180648803711,0.8812499046325684,0.8747224807739258,0.8666969537734985,0.7415266036987305,0.7333193421363831,0.6978710293769836,0.6749394536018372,0.6691250205039978,0.5779597163200378,0.5033826231956482,0.458789974451065,0.4179149270057678,0.5577579140663147,0.4724477529525757,0.4206492304801941,0.3758979141712188,0.5550161004066467,0.4744858741760254,0.4268214106559753,0.3859822452068329,0.5676331520080566,0.5057653784751892,0.4661774337291717,0.4322641491889953,Thank you
0.4310041069984436,0.490110695362091,0.5358186364173889,0.5650629997253418,0.5944998264312744,0.5098715424537659,0.519355297088623,0.5211685299873352,0.5210099220275879,0.4740358591079712,0.4837132692337036,0.4893065989017486,0.4931754767894745,0.4383041858673095,0.4451484084129333,0.4516755938529968,0.4579720497131347,0.401665985584259,0.4014242589473724,0.4034280180931091,0.4069084823131561,0.7859702110290527,0.766965389251709,0.7207377552986145,0.6787751317024231,0.6525304317474365,0.6201283931732178,0.5447287559509277,0.4975373148918152,0.4552450776100158,0.6073306202888489,0.5203777551651001,0.4670888781547546,0.4215394854545593,0.6118460893630981,0.5293954014778137,0.479179322719574,0.4343592524528503,0.6297302842140198,0.5669207572937012,0.5277501940727234,0.4903149604797363,Thank you
0.8639094233512878,0.8021408915519714,0.7447237372398376,0.7018230557441711,0.6638199090957642,0.7736453413963318,0.7560890913009644,0.7508673667907715,0.7484356164932251,0.8100851774215698,0.7911795973777771,0.7828975319862366,0.7761507630348206,0.8486036658287048,0.8342279195785522,0.8258352279663086,0.8166876435279846,0.8878874182701111,0.881390392780304,0.8749616742134094,0.8670347332954407,0.742058515548706,0.7338418960571289,0.6988905072212219,0.6762250065803528,0.6706021428108215,0.5791228413581848,0.5043017268180847,0.4593696594238281,0.4183453321456909,0.5588012337684631,0.4734395742416382,0.4219345450401306,0.3774532377719879,0.5557695031166077,0.4746297597885132,0.4270131587982178,0.3863741755485534,0.5682492256164551,0.5060963034629822,0.4664263725280761,0.4324989020824432,Thank you
0.4307655692100525,0.4896171391010284,0.5358850359916687,0.5656559467315674,0.5944558382034302,0.5088680982589722,0.5178473591804504,0.519733726978302,0.5198671817779541,0.4730148613452911,0.4822319746017456,0.4880134463310241,0.4922456741333008,0.4373140037059784,0.4442684650421142,0.4511165618896484,0.4577705860137939,0.400894820690155,0.400511771440506,0.4024603366851806,0.406054139137268,0.7872017025947571,0.7684094309806824,0.7230561971664429,0.6813837885856628,0.6539912819862366,0.6220104694366455,0.5470616817474365,0.5004527568817139,0.4586210250854492,0.609184980392456,0.5228973031044006,0.4702237844467163,0.4250077605247497,0.6134669780731201,0.5312138795852661,0.4810635447502136,0.4362943470478058,0.6309827566146851,0.5683810114860535,0.52973473072052,0.4929654002189636,Thank you
0.8634476065635681,0.8013712763786316,0.7434250116348267,0.6996230483055115,0.6611647009849548,0.7737780809402466,0.7563559412956238,0.7509816288948059,0.7481655478477478,0.8102006316184998,0.7908957600593567,0.7823460102081299,0.7753412127494812,0.8488687872886658,0.8340763449668884,0.8256192207336426,0.8164170980453491,0.8883917331695557,0.8819484710693359,0.8753438591957092,0.8671289086341858,0.7440762519836426,0.735382080078125,0.7003841996192932,0.6779360771179199,0.6736003160476685,0.581015408039093,0.5052473545074463,0.460212379693985,0.4193854033946991,0.561113178730011,0.4755685925483703,0.4244484603404999,0.3806267380714416,0.5580714344978333,0.4761174917221069,0.4287241101264953,0.3886776864528656,0.5703142881393433,0.5081121325492859,0.4683393836021423,0.4345108866691589,Thank you
0.4304351210594177,0.4889933168888092,0.5348854064941406,0.5649338364601135,0.5938534736633301,0.5083316564559937,0.5172481536865234,0.5188955068588257,0.5186488628387451,0.4726680219173431,0.4815688729286194,0.4873331785202026,0.4916470050811767,0.4369100332260132,0.4432517290115356,0.4501392543315887,0.4568575322628021,0.4003467857837677,0.3994240164756775,0.4006374478340149,0.4032883644104004,0.7895612716674805,0.7708672285079956,0.7249127626419067,0.6833621859550476,0.6562471389770508,0.6242752075195312,0.5492540597915649,0.502556562423706,0.4604704976081848,0.6115202307701111,0.5251896977424622,0.4720062017440796,0.4257500171661377,0.6158075928688049,0.5340661406517029,0.4839600622653961,0.4387634396553039,0.633241593837738,0.5703799724578857,0.5320233702659607,0.4952156543731689,Thank you
0.8628368973731995,0.8007279634475708,0.7432154417037964,0.6998674273490906,0.6616809368133545,0.7729824185371399,0.7559372782707214,0.750751256942749,0.7480683326721191,0.8092972636222839,0.790357232093811,0.7817968726158142,0.7746831178665161,0.8479107022285461,0.833398163318634,0.8250145316123962,0.8158988356590271,0.8872456550598145,0.8809517621994019,0.8748902678489685,0.8674971461296082,0.7451703548431396,0.7357202768325806,0.6998240351676941,0.6774659156799316,0.6730260848999023,0.5803202390670776,0.5047949552536011,0.4596782624721527,0.4184003472328186,0.5606405735015869,0.4751791357994079,0.4236749410629272,0.3790764212608337,0.5582832098007202,0.4766193032264709,0.4288219213485718,0.3876427412033081,0.5712561011314392,0.5089870691299438,0.4687353372573852,0.4339190721511841,Thank you
0.4296656548976898,0.4881997108459472,0.5348138213157654,0.5644727349281311,0.5930857062339783,0.5083417892456055,0.5167981386184692,0.5178211331367493,0.5170067548751831,0.4725247919559479,0.4810712337493896,0.486241728067398,0.490018755197525,0.4368464350700378,0.4425436556339264,0.4487907588481903,0.4550043940544128,0.4002854824066162,0.3988348245620727,0.4001061618328094,0.4032032489776611,0.7907633185386658,0.7709737420082092,0.7253950238227844,0.6840080618858337,0.6574617028236389,0.6247667670249939,0.5492186546325684,0.502030074596405,0.4600986838340759,0.6120315790176392,0.5254531502723694,0.4722886681556701,0.4267348051071167,0.6159684658050537,0.5343835353851318,0.4845544099807739,0.4402652978897095,0.6330090761184692,0.5703738331794739,0.5319740176200867,0.4954493641853332,Thank you
0.8629849553108215,0.8011721968650818,0.7436878085136414,0.7002813816070557,0.6619770526885986,0.7729054689407349,0.7556147575378418,0.750453770160675,0.7479142546653748,0.8091985583305359,0.7901865243911743,0.7816647887229919,0.7746873497962952,0.8477056622505188,0.8332458734512329,0.8247962594032288,0.8156808018684387,0.886896550655365,0.8802915811538696,0.8737449645996094,0.8659461140632629,0.7443540096282959,0.7355815172195435,0.7005204558372498,0.6781805157661438,0.6736519932746887,0.5815141201019287,0.5063437819480896,0.4612230658531189,0.4200022220611572,0.5614233613014221,0.4761690497398376,0.424623966217041,0.38007652759552,0.5588023066520691,0.476915031671524,0.4290452003479004,0.3881620168685913,0.5716179013252258,0.50893235206604,0.468702495098114,0.4343191385269165,Thank you
0.4297729730606079,0.4880320727825165,0.5346415042877197,0.5640376210212708,0.5927786231040955,0.5081677436828613,0.5166391730308533,0.5177748203277588,0.5171058773994446,0.4723378717899322,0.48100745677948,0.4862268269062042,0.4899813234806061,0.4367084801197052,0.442394882440567,0.4486210942268371,0.4548304378986358,0.4001320600509643,0.3987468779087066,0.399831086397171,0.402793288230896,0.7914172410964966,0.7711525559425354,0.72539222240448,0.6841140985488892,0.6577304601669312,0.6247094869613647,0.5491416454315186,0.5020517110824585,0.4601102471351623,0.6119480729103088,0.5254073143005371,0.4721661806106567,0.4265624284744262,0.6157965064048767,0.5343490242958069,0.484454482793808,0.4400952160358429,0.6328029632568359,0.5703536868095398,0.5320513844490051,0.4956891536712646,Thank you
0.8626747131347656,0.8010525703430176,0.7435730695724487,0.700324535369873,0.6623367071151733,0.773037314414978,0.7558827996253967,0.7508869171142578,0.748358964920044,0.8093047738075256,0.790648341178894,0.7823892831802368,0.7754672765731812,0.8477240800857544,0.8333066701889038,0.824990451335907,0.8159071207046509,0.8868187665939331,0.8803913593292236,0.8737995624542236,0.865890383720398,0.7445094585418701,0.7354682087898254,0.7003422975540161,0.6781265735626221,0.6737943887710571,0.5813505053520203,0.506649911403656,0.46171635389328,0.4206559658050537,0.561287522315979,0.4760445952415466,0.4244877696037292,0.3798434734344482,0.5587884187698364,0.4770301878452301,0.4290166795253753,0.3879266381263733,0.5717915296554565,0.5089302659034729,0.4686506390571594,0.4342060387134552,Thank you
0.8961368203163147,0.8319664001464844,0.7727408409118652,0.7317574620246887,0.6936532258987427,0.8040451407432556,0.7906129956245422,0.7846609950065613,0.7808932065963745,0.8428360819816589,0.8245078921318054,0.8138124942779541,0.8028625249862671,0.8835264444351196,0.8678823113441467,0.858271598815918,0.8462790250778198,0.925678253173828,0.9219894409179688,0.915982723236084,0.9064801931381226,0.7853302955627441,0.7722263336181641,0.7250320315361023,0.6918282508850098,0.680504560470581,0.6137371063232422,0.5378271341323853,0.4917995631694793,0.4503076374530792,0.5947925448417664,0.5080267190933228,0.4539358019828796,0.4059278964996338,0.5942754745483398,0.5100005865097046,0.4598352313041687,0.4152532815933227,0.6097078919410706,0.5457829236984253,0.5037683844566345,0.4661653041839599,Thank you
0.3681173622608185,0.4290479123592376,0.4746536612510681,0.5056183338165283,0.5370208024978638,0.4411155879497528,0.4487889111042022,0.4496245384216308,0.4485876262187958,0.4026417136192322,0.4113520383834839,0.4160553216934204,0.4189823567867279,0.3642757534980774,0.3703522384166717,0.3772336840629577,0.3836030662059784,0.3247533440589905,0.3237600922584533,0.3270745277404785,0.3320261240005493,0.8385674953460693,0.8133792877197266,0.7620957493782043,0.7176489233970642,0.687896192073822,0.6582332849502563,0.5818983912467957,0.53387850522995,0.4900486469268799,0.6466477513313293,0.5575011968612671,0.5018262267112732,0.453443706035614,0.6532072424888611,0.5673461556434631,0.516441285610199,0.472154289484024,0.6737459897994995,0.6080858707427979,0.5683550834655762,0.5316335558891296,Thank you
0.8518697619438171,0.8362536430358887,0.8089020252227783,0.781987726688385,0.7699943780899048,0.727634847164154,0.6596212387084961,0.6239721775054932,0.5985532999038696,0.719035804271698,0.643327534198761,0.6005972623825073,0.5697895288467407,0.7217008471488953,0.6538987755775452,0.614514172077179,0.585885763168335,0.7317501902580261,0.6797642111778259,0.6513386964797974,0.6288711428642273,0.76848304271698,0.6761685609817505,0.6147137880325317,0.5635097026824951,0.5221129655838013,0.6735036373138428,0.678051233291626,0.6878787279129028,0.6961051821708679,0.7321097254753113,0.735164225101471,0.7381798028945923,0.73854660987854,0.7835181355476379,0.7830608487129211,0.7806389331817627,0.777133047580719,0.8221056461334229,0.8171989321708679,0.8132808208465576,0.806663453578949,Happy
0.2445114850997924,0.2511709034442901,0.2793594598770141,0.2938732504844665,0.2851637899875641,0.3439865708351135,0.4082565009593963,0.448153555393219,0.4787832498550415,0.3627058565616607,0.4350698590278625,0.4784953892230987,0.5121616125106812,0.3705275952816009,0.4356664717197418,0.4775003790855407,0.5094721913337708,0.3696028292179107,0.4172519147396087,0.4485532641410827,0.4744798541069031,0.8300904035568237,0.7364740967750549,0.6608610153198242,0.6034590601921082,0.5603971481323242,0.6882986426353455,0.6792051792144775,0.6760249733924866,0.6764512062072754,0.7407094836235046,0.7296437621116638,0.7212144732475281,0.714301586151123,0.7926698327064514,0.7786015272140503,0.7657099962234497,0.7530501484870911,0.8388270139694214,0.8274708390235901,0.8173609972000122,0.8055870532989502,Happy
0.867324709892273,0.8437190651893616,0.8068728446960449,0.7858896255493164,0.7915698885917664,0.7296360731124878,0.6959875226020813,0.7130295634269714,0.7368999719619751,0.7232560515403748,0.6915193796157837,0.7115338444709778,0.7383787035942078,0.730627179145813,0.6977401375770569,0.7174116373062134,0.743301272392273,0.7449785470962524,0.7240458130836487,0.7407746315002441,0.7602472901344299,0.732444167137146,0.6459921598434448,0.579797089099884,0.5261077880859375,0.4823293685913086,0.6284109950065613,0.6464146971702576,0.6584882736206055,0.6601994037628174,0.6889079213142395,0.6985304355621338,0.7044622898101807,0.7037562727928162,0.744613766670227,0.7495694160461426,0.7501392364501953,0.7467918395996094,0.7922556400299072,0.7933375239372253,0.790514349937439,0.7854955792427063,Happy
0.2494079917669296,0.2604896426200866,0.2852369546890259,0.2925437390804291,0.2758336067199707,0.3265027999877929,0.3958428502082824,0.3777883946895599,0.3490393459796905,0.3384179174900055,0.408964455127716,0.3867385387420654,0.3570115268230438,0.3453653156757355,0.4098175466060638,0.3866838812828064,0.3577255010604858,0.3474092185497284,0.3904089033603668,0.3694362044334411,0.3457891345024109,0.8355125784873962,0.7460982799530029,0.6649379134178162,0.6072342991828918,0.5662786960601807,0.67845219373703,0.6751753091812134,0.6944559812545776,0.6999095678329468,0.7375673651695251,0.7320283055305481,0.7434317469596863,0.7464980483055115,0.7962372899055481,0.7895178198814392,0.7967750430107117,0.8001648783683777,0.8506562113761902,0.8425675630569458,0.8450125455856323,0.8463234901428223,Happy
0.2388203740119934,0.25703367590904236,0.28781595826148987,0.29494884610176086,0.2754392921924591,0.32870805263519287,0.3973037302494049,0.3792998790740967,0.3501870036125183,0.33768370747566223,0.406298965215683,0.3851841688156128,0.35463011264801025,0.3417825698852539,0.4011523723602295,0.3802044689655304,0.35123324394226074,0.3407450318336487,0.3819824755191803,0.36252573132514954,0.33995482325553894,0.7405638694763184,0.645632266998291,0.5587603449821472,0.49413496255874634,0.4458928108215332,0.5791927576065063,0.5887413620948792,0.6027674674987793,0.6042567491531372,0.6433106064796448,0.6514322757720947,0.6602737903594971,0.6616936326026917,0.7059696316719055,0.7114332318305969,0.7167739868164062,0.718601405620575,0.7626444101333618,0.7612442970275879,0.7630758285522461,0.7642019987106323,Happy
0.7750668525695801,0.7498108744621277,0.7066099047660828,0.6926844120025635,0.7058534026145935,0.6684329509735107,0.5957865118980408,0.616635799407959,0.6485417485237122,0.6640337109565735,0.5948781371116638,0.617002546787262,0.6487745046615601,0.6636113524436951,0.6078989505767822,0.6259530782699585,0.6539959907531738,0.6659749746322632,0.623375654220581,0.6411030888557434,0.6661286354064941,0.6752983927726746,0.5867418646812439,0.5052666664123535,0.43925386667251587,0.3855958580970764,0.5374463796615601,0.5522968173027039,0.5656346678733826,0.5658703446388245,0.599565327167511,0.6136703491210938,0.6207223534584045,0.6149059534072876,0.6558058261871338,0.6640765070915222,0.6672657132148743,0.6627486348152161,0.7057851552963257,0.7042325735092163,0.7058485150337219,0.7035553455352783,Happy
